image_path,label
/content/drive/MyDrive/Wound_Dataset_PreprocessedImages/image_0.jpg,Abrasions
/content/drive/MyDrive/Wound_Dataset_PreprocessedImages/image_1.jpg,Abrasions
/content/drive/MyDrive/Wound_Dataset_PreprocessedImages/image_2.jpg,Abrasions
/content/drive/MyDrive/Wound_Dataset_PreprocessedImages/image_3.jpg,Abrasions
/content/drive/MyDrive/Wound_Dataset_PreprocessedImages/image_4.jpg,Abrasions
/content/drive/MyDrive/Wound_Dataset_PreprocessedImages/image_5.jpg,Abrasions
/content/drive/MyDrive/Wound_Dataset_PreprocessedImages/image_6.jpg,Abrasions
/content/drive/MyDrive/Wound_Dataset_PreprocessedImages/image_7.jpg,Abrasions
/content/drive/MyDrive/Wound_Dataset_PreprocessedImages/image_8.jpg,Abrasions
/content/drive/MyDrive/Wound_Dataset_PreprocessedImages/image_9.jpg,Abrasions
/content/drive/MyDrive/Wound_Dataset_PreprocessedImages/image_10.jpg,Abrasions
/content/drive/MyDrive/Wound_Dataset_PreprocessedImages/image_11.jpg,Abrasions
/content/drive/MyDrive/Wound_Dataset_PreprocessedImages/image_12.jpg,Abrasions
/content/drive/MyDrive/Wound_Dataset_PreprocessedImages/image_13.jpg,Abrasions
/content/drive/MyDrive/Wound_Dataset_PreprocessedImages/image_14.jpg,Abrasions
/content/drive/MyDrive/Wound_Dataset_PreprocessedImages/image_15.jpg,Abrasions
/content/drive/MyDrive/Wound_Dataset_PreprocessedImages/image_16.jpg,Abrasions
/content/drive/MyDrive/Wound_Dataset_PreprocessedImages/image_17.jpg,Abrasions
/content/drive/MyDrive/Wound_Dataset_PreprocessedImages/image_18.jpg,Abrasions
/content/drive/MyDrive/Wound_Dataset_PreprocessedImages/image_19.jpg,Abrasions
/content/drive/MyDrive/Wound_Dataset_PreprocessedImages/image_20.jpg,Abrasions
/content/drive/MyDrive/Wound_Dataset_PreprocessedImages/image_21.jpg,Abrasions
/content/drive/MyDrive/Wound_Dataset_PreprocessedImages/image_22.jpg,Abrasions
/content/drive/MyDrive/Wound_Dataset_PreprocessedImages/image_23.jpg,Abrasions
/content/drive/MyDrive/Wound_Dataset_PreprocessedImages/image_24.jpg,Abrasions
/content/drive/MyDrive/Wound_Dataset_PreprocessedImages/image_25.jpg,Abrasions
/content/drive/MyDrive/Wound_Dataset_PreprocessedImages/image_26.jpg,Abrasions
/content/drive/MyDrive/Wound_Dataset_PreprocessedImages/image_27.jpg,Abrasions
/content/drive/MyDrive/Wound_Dataset_PreprocessedImages/image_28.jpg,Abrasions
/content/drive/MyDrive/Wound_Dataset_PreprocessedImages/image_29.jpg,Abrasions
/content/drive/MyDrive/Wound_Dataset_PreprocessedImages/image_30.jpg,Abrasions
/content/drive/MyDrive/Wound_Dataset_PreprocessedImages/image_31.jpg,Abrasions
/content/drive/MyDrive/Wound_Dataset_PreprocessedImages/image_32.jpg,Abrasions
/content/drive/MyDrive/Wound_Dataset_PreprocessedImages/image_33.jpg,Abrasions
/content/drive/MyDrive/Wound_Dataset_PreprocessedImages/image_34.jpg,Abrasions
/content/drive/MyDrive/Wound_Dataset_PreprocessedImages/image_35.jpg,Abrasions
/content/drive/MyDrive/Wound_Dataset_PreprocessedImages/image_36.jpg,Abrasions
/content/drive/MyDrive/Wound_Dataset_PreprocessedImages/image_37.jpg,Abrasions
/content/drive/MyDrive/Wound_Dataset_PreprocessedImages/image_38.jpg,Abrasions
/content/drive/MyDrive/Wound_Dataset_PreprocessedImages/image_39.jpg,Abrasions
/content/drive/MyDrive/Wound_Dataset_PreprocessedImages/image_40.jpg,Abrasions
/content/drive/MyDrive/Wound_Dataset_PreprocessedImages/image_41.jpg,Abrasions
/content/drive/MyDrive/Wound_Dataset_PreprocessedImages/image_42.jpg,Abrasions
/content/drive/MyDrive/Wound_Dataset_PreprocessedImages/image_43.jpg,Abrasions
/content/drive/MyDrive/Wound_Dataset_PreprocessedImages/image_44.jpg,Abrasions
/content/drive/MyDrive/Wound_Dataset_PreprocessedImages/image_45.jpg,Abrasions
/content/drive/MyDrive/Wound_Dataset_PreprocessedImages/image_46.jpg,Abrasions
/content/drive/MyDrive/Wound_Dataset_PreprocessedImages/image_47.jpg,Abrasions
/content/drive/MyDrive/Wound_Dataset_PreprocessedImages/image_48.jpg,Abrasions
/content/drive/MyDrive/Wound_Dataset_PreprocessedImages/image_49.jpg,Abrasions
/content/drive/MyDrive/Wound_Dataset_PreprocessedImages/image_50.jpg,Abrasions
/content/drive/MyDrive/Wound_Dataset_PreprocessedImages/image_51.jpg,Abrasions
/content/drive/MyDrive/Wound_Dataset_PreprocessedImages/image_52.jpg,Abrasions
/content/drive/MyDrive/Wound_Dataset_PreprocessedImages/image_53.jpg,Abrasions
/content/drive/MyDrive/Wound_Dataset_PreprocessedImages/image_54.jpg,Abrasions
/content/drive/MyDrive/Wound_Dataset_PreprocessedImages/image_55.jpg,Abrasions
/content/drive/MyDrive/Wound_Dataset_PreprocessedImages/image_56.jpg,Abrasions
/content/drive/MyDrive/Wound_Dataset_PreprocessedImages/image_57.jpg,Abrasions
/content/drive/MyDrive/Wound_Dataset_PreprocessedImages/image_58.jpg,Abrasions
/content/drive/MyDrive/Wound_Dataset_PreprocessedImages/image_59.jpg,Abrasions
/content/drive/MyDrive/Wound_Dataset_PreprocessedImages/image_60.jpg,Abrasions
/content/drive/MyDrive/Wound_Dataset_PreprocessedImages/image_61.jpg,Abrasions
/content/drive/MyDrive/Wound_Dataset_PreprocessedImages/image_62.jpg,Abrasions
/content/drive/MyDrive/Wound_Dataset_PreprocessedImages/image_63.jpg,Abrasions
/content/drive/MyDrive/Wound_Dataset_PreprocessedImages/image_64.jpg,Abrasions
/content/drive/MyDrive/Wound_Dataset_PreprocessedImages/image_65.jpg,Abrasions
/content/drive/MyDrive/Wound_Dataset_PreprocessedImages/image_66.jpg,Abrasions
/content/drive/MyDrive/Wound_Dataset_PreprocessedImages/image_67.jpg,Abrasions
/content/drive/MyDrive/Wound_Dataset_PreprocessedImages/image_68.jpg,Abrasions
/content/drive/MyDrive/Wound_Dataset_PreprocessedImages/image_69.jpg,Abrasions
/content/drive/MyDrive/Wound_Dataset_PreprocessedImages/image_70.jpg,Abrasions
/content/drive/MyDrive/Wound_Dataset_PreprocessedImages/image_71.jpg,Abrasions
/content/drive/MyDrive/Wound_Dataset_PreprocessedImages/image_72.jpg,Abrasions
/content/drive/MyDrive/Wound_Dataset_PreprocessedImages/image_73.jpg,Abrasions
/content/drive/MyDrive/Wound_Dataset_PreprocessedImages/image_74.jpg,Abrasions
/content/drive/MyDrive/Wound_Dataset_PreprocessedImages/image_75.jpg,Abrasions
/content/drive/MyDrive/Wound_Dataset_PreprocessedImages/image_76.jpg,Abrasions
/content/drive/MyDrive/Wound_Dataset_PreprocessedImages/image_77.jpg,Abrasions
/content/drive/MyDrive/Wound_Dataset_PreprocessedImages/image_78.jpg,Abrasions
/content/drive/MyDrive/Wound_Dataset_PreprocessedImages/image_79.jpg,Abrasions
/content/drive/MyDrive/Wound_Dataset_PreprocessedImages/image_80.jpg,Abrasions
/content/drive/MyDrive/Wound_Dataset_PreprocessedImages/image_81.jpg,Abrasions
/content/drive/MyDrive/Wound_Dataset_PreprocessedImages/image_82.jpg,Abrasions
/content/drive/MyDrive/Wound_Dataset_PreprocessedImages/image_83.jpg,Abrasions
/content/drive/MyDrive/Wound_Dataset_PreprocessedImages/image_84.jpg,Abrasions
/content/drive/MyDrive/Wound_Dataset_PreprocessedImages/image_85.jpg,Abrasions
/content/drive/MyDrive/Wound_Dataset_PreprocessedImages/image_86.jpg,Abrasions
/content/drive/MyDrive/Wound_Dataset_PreprocessedImages/image_87.jpg,Abrasions
/content/drive/MyDrive/Wound_Dataset_PreprocessedImages/image_88.jpg,Abrasions
/content/drive/MyDrive/Wound_Dataset_PreprocessedImages/image_89.jpg,Abrasions
/content/drive/MyDrive/Wound_Dataset_PreprocessedImages/image_90.jpg,Abrasions
/content/drive/MyDrive/Wound_Dataset_PreprocessedImages/image_91.jpg,Abrasions
/content/drive/MyDrive/Wound_Dataset_PreprocessedImages/image_92.jpg,Abrasions
/content/drive/MyDrive/Wound_Dataset_PreprocessedImages/image_93.jpg,Abrasions
/content/drive/MyDrive/Wound_Dataset_PreprocessedImages/image_94.jpg,Abrasions
/content/drive/MyDrive/Wound_Dataset_PreprocessedImages/image_95.jpg,Abrasions
/content/drive/MyDrive/Wound_Dataset_PreprocessedImages/image_96.jpg,Abrasions
/content/drive/MyDrive/Wound_Dataset_PreprocessedImages/image_97.jpg,Abrasions
/content/drive/MyDrive/Wound_Dataset_PreprocessedImages/image_98.jpg,Abrasions
/content/drive/MyDrive/Wound_Dataset_PreprocessedImages/image_99.jpg,Abrasions
/content/drive/MyDrive/Wound_Dataset_PreprocessedImages/image_100.jpg,Abrasions
/content/drive/MyDrive/Wound_Dataset_PreprocessedImages/image_101.jpg,Abrasions
/content/drive/MyDrive/Wound_Dataset_PreprocessedImages/image_102.jpg,Abrasions
/content/drive/MyDrive/Wound_Dataset_PreprocessedImages/image_103.jpg,Abrasions
/content/drive/MyDrive/Wound_Dataset_PreprocessedImages/image_104.jpg,Abrasions
/content/drive/MyDrive/Wound_Dataset_PreprocessedImages/image_105.jpg,Abrasions
/content/drive/MyDrive/Wound_Dataset_PreprocessedImages/image_106.jpg,Abrasions
/content/drive/MyDrive/Wound_Dataset_PreprocessedImages/image_107.jpg,Abrasions
/content/drive/MyDrive/Wound_Dataset_PreprocessedImages/image_108.jpg,Abrasions
/content/drive/MyDrive/Wound_Dataset_PreprocessedImages/image_109.jpg,Abrasions
/content/drive/MyDrive/Wound_Dataset_PreprocessedImages/image_110.jpg,Abrasions
/content/drive/MyDrive/Wound_Dataset_PreprocessedImages/image_111.jpg,Abrasions
/content/drive/MyDrive/Wound_Dataset_PreprocessedImages/image_112.jpg,Abrasions
/content/drive/MyDrive/Wound_Dataset_PreprocessedImages/image_113.jpg,Abrasions
/content/drive/MyDrive/Wound_Dataset_PreprocessedImages/image_114.jpg,Abrasions
/content/drive/MyDrive/Wound_Dataset_PreprocessedImages/image_115.jpg,Abrasions
/content/drive/MyDrive/Wound_Dataset_PreprocessedImages/image_116.jpg,Abrasions
/content/drive/MyDrive/Wound_Dataset_PreprocessedImages/image_117.jpg,Abrasions
/content/drive/MyDrive/Wound_Dataset_PreprocessedImages/image_118.jpg,Abrasions
/content/drive/MyDrive/Wound_Dataset_PreprocessedImages/image_119.jpg,Abrasions
/content/drive/MyDrive/Wound_Dataset_PreprocessedImages/image_120.jpg,Abrasions
/content/drive/MyDrive/Wound_Dataset_PreprocessedImages/image_121.jpg,Abrasions
/content/drive/MyDrive/Wound_Dataset_PreprocessedImages/image_122.jpg,Abrasions
/content/drive/MyDrive/Wound_Dataset_PreprocessedImages/image_123.jpg,Abrasions
/content/drive/MyDrive/Wound_Dataset_PreprocessedImages/image_124.jpg,Abrasions
/content/drive/MyDrive/Wound_Dataset_PreprocessedImages/image_125.jpg,Abrasions
/content/drive/MyDrive/Wound_Dataset_PreprocessedImages/image_126.jpg,Abrasions
/content/drive/MyDrive/Wound_Dataset_PreprocessedImages/image_127.jpg,Abrasions
/content/drive/MyDrive/Wound_Dataset_PreprocessedImages/image_128.jpg,Abrasions
/content/drive/MyDrive/Wound_Dataset_PreprocessedImages/image_129.jpg,Abrasions
/content/drive/MyDrive/Wound_Dataset_PreprocessedImages/image_130.jpg,Abrasions
/content/drive/MyDrive/Wound_Dataset_PreprocessedImages/image_131.jpg,Abrasions
/content/drive/MyDrive/Wound_Dataset_PreprocessedImages/image_132.jpg,Abrasions
/content/drive/MyDrive/Wound_Dataset_PreprocessedImages/image_133.jpg,Abrasions
/content/drive/MyDrive/Wound_Dataset_PreprocessedImages/image_134.jpg,Abrasions
/content/drive/MyDrive/Wound_Dataset_PreprocessedImages/image_135.jpg,Abrasions
/content/drive/MyDrive/Wound_Dataset_PreprocessedImages/image_136.jpg,Abrasions
/content/drive/MyDrive/Wound_Dataset_PreprocessedImages/image_137.jpg,Abrasions
/content/drive/MyDrive/Wound_Dataset_PreprocessedImages/image_138.jpg,Abrasions
/content/drive/MyDrive/Wound_Dataset_PreprocessedImages/image_139.jpg,Abrasions
/content/drive/MyDrive/Wound_Dataset_PreprocessedImages/image_140.jpg,Abrasions
/content/drive/MyDrive/Wound_Dataset_PreprocessedImages/image_141.jpg,Abrasions
/content/drive/MyDrive/Wound_Dataset_PreprocessedImages/image_142.jpg,Abrasions
/content/drive/MyDrive/Wound_Dataset_PreprocessedImages/image_143.jpg,Abrasions
/content/drive/MyDrive/Wound_Dataset_PreprocessedImages/image_144.jpg,Abrasions
/content/drive/MyDrive/Wound_Dataset_PreprocessedImages/image_145.jpg,Abrasions
/content/drive/MyDrive/Wound_Dataset_PreprocessedImages/image_146.jpg,Abrasions
/content/drive/MyDrive/Wound_Dataset_PreprocessedImages/image_147.jpg,Abrasions
/content/drive/MyDrive/Wound_Dataset_PreprocessedImages/image_148.jpg,Abrasions
/content/drive/MyDrive/Wound_Dataset_PreprocessedImages/image_149.jpg,Abrasions
/content/drive/MyDrive/Wound_Dataset_PreprocessedImages/image_150.jpg,Abrasions
/content/drive/MyDrive/Wound_Dataset_PreprocessedImages/image_151.jpg,Abrasions
/content/drive/MyDrive/Wound_Dataset_PreprocessedImages/image_152.jpg,Abrasions
/content/drive/MyDrive/Wound_Dataset_PreprocessedImages/image_153.jpg,Abrasions
/content/drive/MyDrive/Wound_Dataset_PreprocessedImages/image_154.jpg,Abrasions
/content/drive/MyDrive/Wound_Dataset_PreprocessedImages/image_155.jpg,Abrasions
/content/drive/MyDrive/Wound_Dataset_PreprocessedImages/image_156.jpg,Abrasions
/content/drive/MyDrive/Wound_Dataset_PreprocessedImages/image_157.jpg,Abrasions
/content/drive/MyDrive/Wound_Dataset_PreprocessedImages/image_158.jpg,Abrasions
/content/drive/MyDrive/Wound_Dataset_PreprocessedImages/image_159.jpg,Abrasions
/content/drive/MyDrive/Wound_Dataset_PreprocessedImages/image_160.jpg,Abrasions
/content/drive/MyDrive/Wound_Dataset_PreprocessedImages/image_161.jpg,Abrasions
/content/drive/MyDrive/Wound_Dataset_PreprocessedImages/image_162.jpg,Abrasions
/content/drive/MyDrive/Wound_Dataset_PreprocessedImages/image_163.jpg,Abrasions
/content/drive/MyDrive/Wound_Dataset_PreprocessedImages/image_164.jpg,Abrasions
/content/drive/MyDrive/Wound_Dataset_PreprocessedImages/image_165.jpg,Abrasions
/content/drive/MyDrive/Wound_Dataset_PreprocessedImages/image_166.jpg,Abrasions
/content/drive/MyDrive/Wound_Dataset_PreprocessedImages/image_167.jpg,Burns
/content/drive/MyDrive/Wound_Dataset_PreprocessedImages/image_168.jpg,Burns
/content/drive/MyDrive/Wound_Dataset_PreprocessedImages/image_169.jpg,Burns
/content/drive/MyDrive/Wound_Dataset_PreprocessedImages/image_170.jpg,Burns
/content/drive/MyDrive/Wound_Dataset_PreprocessedImages/image_171.jpg,Burns
/content/drive/MyDrive/Wound_Dataset_PreprocessedImages/image_172.jpg,Burns
/content/drive/MyDrive/Wound_Dataset_PreprocessedImages/image_173.jpg,Burns
/content/drive/MyDrive/Wound_Dataset_PreprocessedImages/image_174.jpg,Burns
/content/drive/MyDrive/Wound_Dataset_PreprocessedImages/image_175.jpg,Burns
/content/drive/MyDrive/Wound_Dataset_PreprocessedImages/image_176.jpg,Burns
/content/drive/MyDrive/Wound_Dataset_PreprocessedImages/image_177.jpg,Burns
/content/drive/MyDrive/Wound_Dataset_PreprocessedImages/image_178.jpg,Burns
/content/drive/MyDrive/Wound_Dataset_PreprocessedImages/image_179.jpg,Burns
/content/drive/MyDrive/Wound_Dataset_PreprocessedImages/image_180.jpg,Burns
/content/drive/MyDrive/Wound_Dataset_PreprocessedImages/image_181.jpg,Burns
/content/drive/MyDrive/Wound_Dataset_PreprocessedImages/image_182.jpg,Burns
/content/drive/MyDrive/Wound_Dataset_PreprocessedImages/image_183.jpg,Burns
/content/drive/MyDrive/Wound_Dataset_PreprocessedImages/image_184.jpg,Burns
/content/drive/MyDrive/Wound_Dataset_PreprocessedImages/image_185.jpg,Burns
/content/drive/MyDrive/Wound_Dataset_PreprocessedImages/image_186.jpg,Burns
/content/drive/MyDrive/Wound_Dataset_PreprocessedImages/image_187.jpg,Burns
/content/drive/MyDrive/Wound_Dataset_PreprocessedImages/image_188.jpg,Burns
/content/drive/MyDrive/Wound_Dataset_PreprocessedImages/image_189.jpg,Burns
/content/drive/MyDrive/Wound_Dataset_PreprocessedImages/image_190.jpg,Burns
/content/drive/MyDrive/Wound_Dataset_PreprocessedImages/image_191.jpg,Burns
/content/drive/MyDrive/Wound_Dataset_PreprocessedImages/image_192.jpg,Burns
/content/drive/MyDrive/Wound_Dataset_PreprocessedImages/image_193.jpg,Burns
/content/drive/MyDrive/Wound_Dataset_PreprocessedImages/image_194.jpg,Burns
/content/drive/MyDrive/Wound_Dataset_PreprocessedImages/image_195.jpg,Burns
/content/drive/MyDrive/Wound_Dataset_PreprocessedImages/image_196.jpg,Burns
/content/drive/MyDrive/Wound_Dataset_PreprocessedImages/image_197.jpg,Burns
/content/drive/MyDrive/Wound_Dataset_PreprocessedImages/image_198.jpg,Burns
/content/drive/MyDrive/Wound_Dataset_PreprocessedImages/image_199.jpg,Burns
/content/drive/MyDrive/Wound_Dataset_PreprocessedImages/image_200.jpg,Burns
/content/drive/MyDrive/Wound_Dataset_PreprocessedImages/image_201.jpg,Burns
/content/drive/MyDrive/Wound_Dataset_PreprocessedImages/image_202.jpg,Burns
/content/drive/MyDrive/Wound_Dataset_PreprocessedImages/image_203.jpg,Burns
/content/drive/MyDrive/Wound_Dataset_PreprocessedImages/image_204.jpg,Burns
/content/drive/MyDrive/Wound_Dataset_PreprocessedImages/image_205.jpg,Burns
/content/drive/MyDrive/Wound_Dataset_PreprocessedImages/image_206.jpg,Burns
/content/drive/MyDrive/Wound_Dataset_PreprocessedImages/image_207.jpg,Burns
/content/drive/MyDrive/Wound_Dataset_PreprocessedImages/image_208.jpg,Burns
/content/drive/MyDrive/Wound_Dataset_PreprocessedImages/image_209.jpg,Burns
/content/drive/MyDrive/Wound_Dataset_PreprocessedImages/image_210.jpg,Burns
/content/drive/MyDrive/Wound_Dataset_PreprocessedImages/image_211.jpg,Burns
/content/drive/MyDrive/Wound_Dataset_PreprocessedImages/image_212.jpg,Burns
/content/drive/MyDrive/Wound_Dataset_PreprocessedImages/image_213.jpg,Burns
/content/drive/MyDrive/Wound_Dataset_PreprocessedImages/image_214.jpg,Burns
/content/drive/MyDrive/Wound_Dataset_PreprocessedImages/image_215.jpg,Burns
/content/drive/MyDrive/Wound_Dataset_PreprocessedImages/image_216.jpg,Burns
/content/drive/MyDrive/Wound_Dataset_PreprocessedImages/image_217.jpg,Burns
/content/drive/MyDrive/Wound_Dataset_PreprocessedImages/image_218.jpg,Burns
/content/drive/MyDrive/Wound_Dataset_PreprocessedImages/image_219.jpg,Burns
/content/drive/MyDrive/Wound_Dataset_PreprocessedImages/image_220.jpg,Burns
/content/drive/MyDrive/Wound_Dataset_PreprocessedImages/image_221.jpg,Burns
/content/drive/MyDrive/Wound_Dataset_PreprocessedImages/image_222.jpg,Burns
/content/drive/MyDrive/Wound_Dataset_PreprocessedImages/image_223.jpg,Burns
/content/drive/MyDrive/Wound_Dataset_PreprocessedImages/image_224.jpg,Burns
/content/drive/MyDrive/Wound_Dataset_PreprocessedImages/image_225.jpg,Burns
/content/drive/MyDrive/Wound_Dataset_PreprocessedImages/image_226.jpg,Burns
/content/drive/MyDrive/Wound_Dataset_PreprocessedImages/image_227.jpg,Burns
/content/drive/MyDrive/Wound_Dataset_PreprocessedImages/image_228.jpg,Burns
/content/drive/MyDrive/Wound_Dataset_PreprocessedImages/image_229.jpg,Burns
/content/drive/MyDrive/Wound_Dataset_PreprocessedImages/image_230.jpg,Burns
/content/drive/MyDrive/Wound_Dataset_PreprocessedImages/image_231.jpg,Burns
/content/drive/MyDrive/Wound_Dataset_PreprocessedImages/image_232.jpg,Burns
/content/drive/MyDrive/Wound_Dataset_PreprocessedImages/image_233.jpg,Burns
/content/drive/MyDrive/Wound_Dataset_PreprocessedImages/image_234.jpg,Burns
/content/drive/MyDrive/Wound_Dataset_PreprocessedImages/image_235.jpg,Burns
/content/drive/MyDrive/Wound_Dataset_PreprocessedImages/image_236.jpg,Burns
/content/drive/MyDrive/Wound_Dataset_PreprocessedImages/image_237.jpg,Burns
/content/drive/MyDrive/Wound_Dataset_PreprocessedImages/image_238.jpg,Burns
/content/drive/MyDrive/Wound_Dataset_PreprocessedImages/image_239.jpg,Burns
/content/drive/MyDrive/Wound_Dataset_PreprocessedImages/image_240.jpg,Burns
/content/drive/MyDrive/Wound_Dataset_PreprocessedImages/image_241.jpg,Burns
/content/drive/MyDrive/Wound_Dataset_PreprocessedImages/image_242.jpg,Burns
/content/drive/MyDrive/Wound_Dataset_PreprocessedImages/image_243.jpg,Burns
/content/drive/MyDrive/Wound_Dataset_PreprocessedImages/image_244.jpg,Burns
/content/drive/MyDrive/Wound_Dataset_PreprocessedImages/image_245.jpg,Burns
/content/drive/MyDrive/Wound_Dataset_PreprocessedImages/image_246.jpg,Burns
/content/drive/MyDrive/Wound_Dataset_PreprocessedImages/image_247.jpg,Burns
/content/drive/MyDrive/Wound_Dataset_PreprocessedImages/image_248.jpg,Burns
/content/drive/MyDrive/Wound_Dataset_PreprocessedImages/image_249.jpg,Burns
/content/drive/MyDrive/Wound_Dataset_PreprocessedImages/image_250.jpg,Burns
/content/drive/MyDrive/Wound_Dataset_PreprocessedImages/image_251.jpg,Burns
/content/drive/MyDrive/Wound_Dataset_PreprocessedImages/image_252.jpg,Burns
/content/drive/MyDrive/Wound_Dataset_PreprocessedImages/image_253.jpg,Burns
/content/drive/MyDrive/Wound_Dataset_PreprocessedImages/image_254.jpg,Burns
/content/drive/MyDrive/Wound_Dataset_PreprocessedImages/image_255.jpg,Burns
/content/drive/MyDrive/Wound_Dataset_PreprocessedImages/image_256.jpg,Burns
/content/drive/MyDrive/Wound_Dataset_PreprocessedImages/image_257.jpg,Burns
/content/drive/MyDrive/Wound_Dataset_PreprocessedImages/image_258.jpg,Burns
/content/drive/MyDrive/Wound_Dataset_PreprocessedImages/image_259.jpg,Burns
/content/drive/MyDrive/Wound_Dataset_PreprocessedImages/image_260.jpg,Burns
/content/drive/MyDrive/Wound_Dataset_PreprocessedImages/image_261.jpg,Burns
/content/drive/MyDrive/Wound_Dataset_PreprocessedImages/image_262.jpg,Burns
/content/drive/MyDrive/Wound_Dataset_PreprocessedImages/image_263.jpg,Burns
/content/drive/MyDrive/Wound_Dataset_PreprocessedImages/image_264.jpg,Burns
/content/drive/MyDrive/Wound_Dataset_PreprocessedImages/image_265.jpg,Burns
/content/drive/MyDrive/Wound_Dataset_PreprocessedImages/image_266.jpg,Burns
/content/drive/MyDrive/Wound_Dataset_PreprocessedImages/image_267.jpg,Burns
/content/drive/MyDrive/Wound_Dataset_PreprocessedImages/image_268.jpg,Burns
/content/drive/MyDrive/Wound_Dataset_PreprocessedImages/image_269.jpg,Burns
/content/drive/MyDrive/Wound_Dataset_PreprocessedImages/image_270.jpg,Burns
/content/drive/MyDrive/Wound_Dataset_PreprocessedImages/image_271.jpg,Burns
/content/drive/MyDrive/Wound_Dataset_PreprocessedImages/image_272.jpg,Burns
/content/drive/MyDrive/Wound_Dataset_PreprocessedImages/image_273.jpg,Burns
/content/drive/MyDrive/Wound_Dataset_PreprocessedImages/image_274.jpg,Burns
/content/drive/MyDrive/Wound_Dataset_PreprocessedImages/image_275.jpg,Burns
/content/drive/MyDrive/Wound_Dataset_PreprocessedImages/image_276.jpg,Burns
/content/drive/MyDrive/Wound_Dataset_PreprocessedImages/image_277.jpg,Burns
/content/drive/MyDrive/Wound_Dataset_PreprocessedImages/image_278.jpg,Burns
/content/drive/MyDrive/Wound_Dataset_PreprocessedImages/image_279.jpg,Burns
/content/drive/MyDrive/Wound_Dataset_PreprocessedImages/image_280.jpg,Burns
/content/drive/MyDrive/Wound_Dataset_PreprocessedImages/image_281.jpg,Burns
/content/drive/MyDrive/Wound_Dataset_PreprocessedImages/image_282.jpg,Burns
/content/drive/MyDrive/Wound_Dataset_PreprocessedImages/image_283.jpg,Burns
/content/drive/MyDrive/Wound_Dataset_PreprocessedImages/image_284.jpg,Burns
/content/drive/MyDrive/Wound_Dataset_PreprocessedImages/image_285.jpg,Burns
/content/drive/MyDrive/Wound_Dataset_PreprocessedImages/image_286.jpg,Burns
/content/drive/MyDrive/Wound_Dataset_PreprocessedImages/image_287.jpg,Burns
/content/drive/MyDrive/Wound_Dataset_PreprocessedImages/image_288.jpg,Burns
/content/drive/MyDrive/Wound_Dataset_PreprocessedImages/image_289.jpg,Burns
/content/drive/MyDrive/Wound_Dataset_PreprocessedImages/image_290.jpg,Burns
/content/drive/MyDrive/Wound_Dataset_PreprocessedImages/image_291.jpg,Burns
/content/drive/MyDrive/Wound_Dataset_PreprocessedImages/image_292.jpg,Burns
/content/drive/MyDrive/Wound_Dataset_PreprocessedImages/image_293.jpg,Burns
/content/drive/MyDrive/Wound_Dataset_PreprocessedImages/image_294.jpg,Burns
/content/drive/MyDrive/Wound_Dataset_PreprocessedImages/image_295.jpg,Burns
/content/drive/MyDrive/Wound_Dataset_PreprocessedImages/image_296.jpg,Burns
/content/drive/MyDrive/Wound_Dataset_PreprocessedImages/image_297.jpg,Burns
/content/drive/MyDrive/Wound_Dataset_PreprocessedImages/image_298.jpg,Burns
/content/drive/MyDrive/Wound_Dataset_PreprocessedImages/image_299.jpg,Burns
/content/drive/MyDrive/Wound_Dataset_PreprocessedImages/image_300.jpg,Burns
/content/drive/MyDrive/Wound_Dataset_PreprocessedImages/image_301.jpg,Burns
/content/drive/MyDrive/Wound_Dataset_PreprocessedImages/image_302.jpg,Burns
/content/drive/MyDrive/Wound_Dataset_PreprocessedImages/image_303.jpg,Burns
/content/drive/MyDrive/Wound_Dataset_PreprocessedImages/image_304.jpg,Burns
/content/drive/MyDrive/Wound_Dataset_PreprocessedImages/image_305.jpg,Burns
/content/drive/MyDrive/Wound_Dataset_PreprocessedImages/image_306.jpg,Burns
/content/drive/MyDrive/Wound_Dataset_PreprocessedImages/image_307.jpg,Burns
/content/drive/MyDrive/Wound_Dataset_PreprocessedImages/image_308.jpg,Burns
/content/drive/MyDrive/Wound_Dataset_PreprocessedImages/image_309.jpg,Burns
/content/drive/MyDrive/Wound_Dataset_PreprocessedImages/image_310.jpg,Burns
/content/drive/MyDrive/Wound_Dataset_PreprocessedImages/image_311.jpg,Burns
/content/drive/MyDrive/Wound_Dataset_PreprocessedImages/image_312.jpg,Cut
/content/drive/MyDrive/Wound_Dataset_PreprocessedImages/image_313.jpg,Cut
/content/drive/MyDrive/Wound_Dataset_PreprocessedImages/image_314.jpg,Cut
/content/drive/MyDrive/Wound_Dataset_PreprocessedImages/image_315.jpg,Cut
/content/drive/MyDrive/Wound_Dataset_PreprocessedImages/image_316.jpg,Cut
/content/drive/MyDrive/Wound_Dataset_PreprocessedImages/image_317.jpg,Cut
/content/drive/MyDrive/Wound_Dataset_PreprocessedImages/image_318.jpg,Cut
/content/drive/MyDrive/Wound_Dataset_PreprocessedImages/image_319.jpg,Cut
/content/drive/MyDrive/Wound_Dataset_PreprocessedImages/image_320.jpg,Cut
/content/drive/MyDrive/Wound_Dataset_PreprocessedImages/image_321.jpg,Cut
/content/drive/MyDrive/Wound_Dataset_PreprocessedImages/image_322.jpg,Cut
/content/drive/MyDrive/Wound_Dataset_PreprocessedImages/image_323.jpg,Cut
/content/drive/MyDrive/Wound_Dataset_PreprocessedImages/image_324.jpg,Cut
/content/drive/MyDrive/Wound_Dataset_PreprocessedImages/image_325.jpg,Cut
/content/drive/MyDrive/Wound_Dataset_PreprocessedImages/image_326.jpg,Cut
/content/drive/MyDrive/Wound_Dataset_PreprocessedImages/image_327.jpg,Cut
/content/drive/MyDrive/Wound_Dataset_PreprocessedImages/image_328.jpg,Cut
/content/drive/MyDrive/Wound_Dataset_PreprocessedImages/image_329.jpg,Cut
/content/drive/MyDrive/Wound_Dataset_PreprocessedImages/image_330.jpg,Cut
/content/drive/MyDrive/Wound_Dataset_PreprocessedImages/image_331.jpg,Cut
/content/drive/MyDrive/Wound_Dataset_PreprocessedImages/image_332.jpg,Cut
/content/drive/MyDrive/Wound_Dataset_PreprocessedImages/image_333.jpg,Cut
/content/drive/MyDrive/Wound_Dataset_PreprocessedImages/image_334.jpg,Cut
/content/drive/MyDrive/Wound_Dataset_PreprocessedImages/image_335.jpg,Cut
/content/drive/MyDrive/Wound_Dataset_PreprocessedImages/image_336.jpg,Cut
/content/drive/MyDrive/Wound_Dataset_PreprocessedImages/image_337.jpg,Cut
/content/drive/MyDrive/Wound_Dataset_PreprocessedImages/image_338.jpg,Cut
/content/drive/MyDrive/Wound_Dataset_PreprocessedImages/image_339.jpg,Cut
/content/drive/MyDrive/Wound_Dataset_PreprocessedImages/image_340.jpg,Cut
/content/drive/MyDrive/Wound_Dataset_PreprocessedImages/image_341.jpg,Cut
/content/drive/MyDrive/Wound_Dataset_PreprocessedImages/image_342.jpg,Cut
/content/drive/MyDrive/Wound_Dataset_PreprocessedImages/image_343.jpg,Cut
/content/drive/MyDrive/Wound_Dataset_PreprocessedImages/image_344.jpg,Cut
/content/drive/MyDrive/Wound_Dataset_PreprocessedImages/image_345.jpg,Cut
/content/drive/MyDrive/Wound_Dataset_PreprocessedImages/image_346.jpg,Cut
/content/drive/MyDrive/Wound_Dataset_PreprocessedImages/image_347.jpg,Cut
/content/drive/MyDrive/Wound_Dataset_PreprocessedImages/image_348.jpg,Cut
/content/drive/MyDrive/Wound_Dataset_PreprocessedImages/image_349.jpg,Cut
/content/drive/MyDrive/Wound_Dataset_PreprocessedImages/image_350.jpg,Cut
/content/drive/MyDrive/Wound_Dataset_PreprocessedImages/image_351.jpg,Cut
/content/drive/MyDrive/Wound_Dataset_PreprocessedImages/image_352.jpg,Cut
/content/drive/MyDrive/Wound_Dataset_PreprocessedImages/image_353.jpg,Cut
/content/drive/MyDrive/Wound_Dataset_PreprocessedImages/image_354.jpg,Cut
/content/drive/MyDrive/Wound_Dataset_PreprocessedImages/image_355.jpg,Cut
/content/drive/MyDrive/Wound_Dataset_PreprocessedImages/image_356.jpg,Cut
/content/drive/MyDrive/Wound_Dataset_PreprocessedImages/image_357.jpg,Cut
/content/drive/MyDrive/Wound_Dataset_PreprocessedImages/image_358.jpg,Cut
/content/drive/MyDrive/Wound_Dataset_PreprocessedImages/image_359.jpg,Cut
/content/drive/MyDrive/Wound_Dataset_PreprocessedImages/image_360.jpg,Cut
/content/drive/MyDrive/Wound_Dataset_PreprocessedImages/image_361.jpg,Cut
/content/drive/MyDrive/Wound_Dataset_PreprocessedImages/image_362.jpg,Cut
/content/drive/MyDrive/Wound_Dataset_PreprocessedImages/image_363.jpg,Cut
/content/drive/MyDrive/Wound_Dataset_PreprocessedImages/image_364.jpg,Cut
/content/drive/MyDrive/Wound_Dataset_PreprocessedImages/image_365.jpg,Cut
/content/drive/MyDrive/Wound_Dataset_PreprocessedImages/image_366.jpg,Cut
/content/drive/MyDrive/Wound_Dataset_PreprocessedImages/image_367.jpg,Cut
/content/drive/MyDrive/Wound_Dataset_PreprocessedImages/image_368.jpg,Cut
/content/drive/MyDrive/Wound_Dataset_PreprocessedImages/image_369.jpg,Cut
/content/drive/MyDrive/Wound_Dataset_PreprocessedImages/image_370.jpg,Cut
/content/drive/MyDrive/Wound_Dataset_PreprocessedImages/image_371.jpg,Cut
/content/drive/MyDrive/Wound_Dataset_PreprocessedImages/image_372.jpg,Cut
/content/drive/MyDrive/Wound_Dataset_PreprocessedImages/image_373.jpg,Cut
/content/drive/MyDrive/Wound_Dataset_PreprocessedImages/image_374.jpg,Cut
/content/drive/MyDrive/Wound_Dataset_PreprocessedImages/image_375.jpg,Cut
/content/drive/MyDrive/Wound_Dataset_PreprocessedImages/image_376.jpg,Cut
/content/drive/MyDrive/Wound_Dataset_PreprocessedImages/image_377.jpg,Cut
/content/drive/MyDrive/Wound_Dataset_PreprocessedImages/image_378.jpg,Cut
/content/drive/MyDrive/Wound_Dataset_PreprocessedImages/image_379.jpg,Cut
/content/drive/MyDrive/Wound_Dataset_PreprocessedImages/image_380.jpg,Cut
/content/drive/MyDrive/Wound_Dataset_PreprocessedImages/image_381.jpg,Cut
/content/drive/MyDrive/Wound_Dataset_PreprocessedImages/image_382.jpg,Cut
/content/drive/MyDrive/Wound_Dataset_PreprocessedImages/image_383.jpg,Cut
/content/drive/MyDrive/Wound_Dataset_PreprocessedImages/image_384.jpg,Cut
/content/drive/MyDrive/Wound_Dataset_PreprocessedImages/image_385.jpg,Cut
/content/drive/MyDrive/Wound_Dataset_PreprocessedImages/image_386.jpg,Cut
/content/drive/MyDrive/Wound_Dataset_PreprocessedImages/image_387.jpg,Cut
/content/drive/MyDrive/Wound_Dataset_PreprocessedImages/image_388.jpg,Cut
/content/drive/MyDrive/Wound_Dataset_PreprocessedImages/image_389.jpg,Cut
/content/drive/MyDrive/Wound_Dataset_PreprocessedImages/image_390.jpg,Cut
/content/drive/MyDrive/Wound_Dataset_PreprocessedImages/image_391.jpg,Cut
/content/drive/MyDrive/Wound_Dataset_PreprocessedImages/image_392.jpg,Cut
/content/drive/MyDrive/Wound_Dataset_PreprocessedImages/image_393.jpg,Cut
/content/drive/MyDrive/Wound_Dataset_PreprocessedImages/image_394.jpg,Cut
/content/drive/MyDrive/Wound_Dataset_PreprocessedImages/image_395.jpg,Cut
/content/drive/MyDrive/Wound_Dataset_PreprocessedImages/image_396.jpg,Cut
/content/drive/MyDrive/Wound_Dataset_PreprocessedImages/image_397.jpg,Cut
/content/drive/MyDrive/Wound_Dataset_PreprocessedImages/image_398.jpg,Cut
/content/drive/MyDrive/Wound_Dataset_PreprocessedImages/image_399.jpg,Cut
/content/drive/MyDrive/Wound_Dataset_PreprocessedImages/image_400.jpg,Cut
/content/drive/MyDrive/Wound_Dataset_PreprocessedImages/image_401.jpg,Cut
/content/drive/MyDrive/Wound_Dataset_PreprocessedImages/image_402.jpg,Cut
/content/drive/MyDrive/Wound_Dataset_PreprocessedImages/image_403.jpg,Cut
/content/drive/MyDrive/Wound_Dataset_PreprocessedImages/image_404.jpg,Cut
/content/drive/MyDrive/Wound_Dataset_PreprocessedImages/image_405.jpg,Cut
/content/drive/MyDrive/Wound_Dataset_PreprocessedImages/image_406.jpg,Cut
/content/drive/MyDrive/Wound_Dataset_PreprocessedImages/image_407.jpg,Cut
/content/drive/MyDrive/Wound_Dataset_PreprocessedImages/image_408.jpg,Cut
/content/drive/MyDrive/Wound_Dataset_PreprocessedImages/image_409.jpg,Cut
/content/drive/MyDrive/Wound_Dataset_PreprocessedImages/image_410.jpg,Cut
/content/drive/MyDrive/Wound_Dataset_PreprocessedImages/image_411.jpg,Cut
/content/drive/MyDrive/Wound_Dataset_PreprocessedImages/image_412.jpg,Ingrown_nails
/content/drive/MyDrive/Wound_Dataset_PreprocessedImages/image_413.jpg,Ingrown_nails
/content/drive/MyDrive/Wound_Dataset_PreprocessedImages/image_414.jpg,Ingrown_nails
/content/drive/MyDrive/Wound_Dataset_PreprocessedImages/image_415.jpg,Ingrown_nails
/content/drive/MyDrive/Wound_Dataset_PreprocessedImages/image_416.jpg,Ingrown_nails
/content/drive/MyDrive/Wound_Dataset_PreprocessedImages/image_417.jpg,Ingrown_nails
/content/drive/MyDrive/Wound_Dataset_PreprocessedImages/image_418.jpg,Ingrown_nails
/content/drive/MyDrive/Wound_Dataset_PreprocessedImages/image_419.jpg,Ingrown_nails
/content/drive/MyDrive/Wound_Dataset_PreprocessedImages/image_420.jpg,Ingrown_nails
/content/drive/MyDrive/Wound_Dataset_PreprocessedImages/image_421.jpg,Ingrown_nails
/content/drive/MyDrive/Wound_Dataset_PreprocessedImages/image_422.jpg,Ingrown_nails
/content/drive/MyDrive/Wound_Dataset_PreprocessedImages/image_423.jpg,Ingrown_nails
/content/drive/MyDrive/Wound_Dataset_PreprocessedImages/image_424.jpg,Ingrown_nails
/content/drive/MyDrive/Wound_Dataset_PreprocessedImages/image_425.jpg,Ingrown_nails
/content/drive/MyDrive/Wound_Dataset_PreprocessedImages/image_426.jpg,Ingrown_nails
/content/drive/MyDrive/Wound_Dataset_PreprocessedImages/image_427.jpg,Ingrown_nails
/content/drive/MyDrive/Wound_Dataset_PreprocessedImages/image_428.jpg,Ingrown_nails
/content/drive/MyDrive/Wound_Dataset_PreprocessedImages/image_429.jpg,Ingrown_nails
/content/drive/MyDrive/Wound_Dataset_PreprocessedImages/image_430.jpg,Ingrown_nails
/content/drive/MyDrive/Wound_Dataset_PreprocessedImages/image_431.jpg,Ingrown_nails
/content/drive/MyDrive/Wound_Dataset_PreprocessedImages/image_432.jpg,Ingrown_nails
/content/drive/MyDrive/Wound_Dataset_PreprocessedImages/image_433.jpg,Ingrown_nails
/content/drive/MyDrive/Wound_Dataset_PreprocessedImages/image_434.jpg,Ingrown_nails
/content/drive/MyDrive/Wound_Dataset_PreprocessedImages/image_435.jpg,Ingrown_nails
/content/drive/MyDrive/Wound_Dataset_PreprocessedImages/image_436.jpg,Ingrown_nails
/content/drive/MyDrive/Wound_Dataset_PreprocessedImages/image_437.jpg,Ingrown_nails
/content/drive/MyDrive/Wound_Dataset_PreprocessedImages/image_438.jpg,Ingrown_nails
/content/drive/MyDrive/Wound_Dataset_PreprocessedImages/image_439.jpg,Ingrown_nails
/content/drive/MyDrive/Wound_Dataset_PreprocessedImages/image_440.jpg,Ingrown_nails
/content/drive/MyDrive/Wound_Dataset_PreprocessedImages/image_441.jpg,Ingrown_nails
/content/drive/MyDrive/Wound_Dataset_PreprocessedImages/image_442.jpg,Ingrown_nails
/content/drive/MyDrive/Wound_Dataset_PreprocessedImages/image_443.jpg,Laceration
/content/drive/MyDrive/Wound_Dataset_PreprocessedImages/image_444.jpg,Laceration
/content/drive/MyDrive/Wound_Dataset_PreprocessedImages/image_445.jpg,Laceration
/content/drive/MyDrive/Wound_Dataset_PreprocessedImages/image_446.jpg,Laceration
/content/drive/MyDrive/Wound_Dataset_PreprocessedImages/image_447.jpg,Laceration
/content/drive/MyDrive/Wound_Dataset_PreprocessedImages/image_448.jpg,Laceration
/content/drive/MyDrive/Wound_Dataset_PreprocessedImages/image_449.jpg,Laceration
/content/drive/MyDrive/Wound_Dataset_PreprocessedImages/image_450.jpg,Laceration
/content/drive/MyDrive/Wound_Dataset_PreprocessedImages/image_451.jpg,Laceration
/content/drive/MyDrive/Wound_Dataset_PreprocessedImages/image_452.jpg,Laceration
/content/drive/MyDrive/Wound_Dataset_PreprocessedImages/image_453.jpg,Laceration
/content/drive/MyDrive/Wound_Dataset_PreprocessedImages/image_454.jpg,Laceration
/content/drive/MyDrive/Wound_Dataset_PreprocessedImages/image_455.jpg,Laceration
/content/drive/MyDrive/Wound_Dataset_PreprocessedImages/image_456.jpg,Laceration
/content/drive/MyDrive/Wound_Dataset_PreprocessedImages/image_457.jpg,Laceration
/content/drive/MyDrive/Wound_Dataset_PreprocessedImages/image_458.jpg,Laceration
/content/drive/MyDrive/Wound_Dataset_PreprocessedImages/image_459.jpg,Laceration
/content/drive/MyDrive/Wound_Dataset_PreprocessedImages/image_460.jpg,Laceration
/content/drive/MyDrive/Wound_Dataset_PreprocessedImages/image_461.jpg,Laceration
/content/drive/MyDrive/Wound_Dataset_PreprocessedImages/image_462.jpg,Laceration
/content/drive/MyDrive/Wound_Dataset_PreprocessedImages/image_463.jpg,Laceration
/content/drive/MyDrive/Wound_Dataset_PreprocessedImages/image_464.jpg,Laceration
/content/drive/MyDrive/Wound_Dataset_PreprocessedImages/image_465.jpg,Laceration
/content/drive/MyDrive/Wound_Dataset_PreprocessedImages/image_466.jpg,Laceration
/content/drive/MyDrive/Wound_Dataset_PreprocessedImages/image_467.jpg,Laceration
/content/drive/MyDrive/Wound_Dataset_PreprocessedImages/image_468.jpg,Laceration
/content/drive/MyDrive/Wound_Dataset_PreprocessedImages/image_469.jpg,Laceration
/content/drive/MyDrive/Wound_Dataset_PreprocessedImages/image_470.jpg,Laceration
/content/drive/MyDrive/Wound_Dataset_PreprocessedImages/image_471.jpg,Laceration
/content/drive/MyDrive/Wound_Dataset_PreprocessedImages/image_472.jpg,Laceration
/content/drive/MyDrive/Wound_Dataset_PreprocessedImages/image_473.jpg,Laceration
/content/drive/MyDrive/Wound_Dataset_PreprocessedImages/image_474.jpg,Laceration
/content/drive/MyDrive/Wound_Dataset_PreprocessedImages/image_475.jpg,Laceration
/content/drive/MyDrive/Wound_Dataset_PreprocessedImages/image_476.jpg,Laceration
/content/drive/MyDrive/Wound_Dataset_PreprocessedImages/image_477.jpg,Laceration
/content/drive/MyDrive/Wound_Dataset_PreprocessedImages/image_478.jpg,Laceration
/content/drive/MyDrive/Wound_Dataset_PreprocessedImages/image_479.jpg,Laceration
/content/drive/MyDrive/Wound_Dataset_PreprocessedImages/image_480.jpg,Laceration
/content/drive/MyDrive/Wound_Dataset_PreprocessedImages/image_481.jpg,Laceration
/content/drive/MyDrive/Wound_Dataset_PreprocessedImages/image_482.jpg,Laceration
/content/drive/MyDrive/Wound_Dataset_PreprocessedImages/image_483.jpg,Laceration
/content/drive/MyDrive/Wound_Dataset_PreprocessedImages/image_484.jpg,Laceration
/content/drive/MyDrive/Wound_Dataset_PreprocessedImages/image_485.jpg,Laceration
/content/drive/MyDrive/Wound_Dataset_PreprocessedImages/image_486.jpg,Laceration
/content/drive/MyDrive/Wound_Dataset_PreprocessedImages/image_487.jpg,Laceration
/content/drive/MyDrive/Wound_Dataset_PreprocessedImages/image_488.jpg,Laceration
/content/drive/MyDrive/Wound_Dataset_PreprocessedImages/image_489.jpg,Laceration
/content/drive/MyDrive/Wound_Dataset_PreprocessedImages/image_490.jpg,Laceration
/content/drive/MyDrive/Wound_Dataset_PreprocessedImages/image_491.jpg,Laceration
/content/drive/MyDrive/Wound_Dataset_PreprocessedImages/image_492.jpg,Laceration
/content/drive/MyDrive/Wound_Dataset_PreprocessedImages/image_493.jpg,Laceration
/content/drive/MyDrive/Wound_Dataset_PreprocessedImages/image_494.jpg,Laceration
/content/drive/MyDrive/Wound_Dataset_PreprocessedImages/image_495.jpg,Laceration
/content/drive/MyDrive/Wound_Dataset_PreprocessedImages/image_496.jpg,Laceration
/content/drive/MyDrive/Wound_Dataset_PreprocessedImages/image_497.jpg,Laceration
/content/drive/MyDrive/Wound_Dataset_PreprocessedImages/image_498.jpg,Laceration
/content/drive/MyDrive/Wound_Dataset_PreprocessedImages/image_499.jpg,Laceration
/content/drive/MyDrive/Wound_Dataset_PreprocessedImages/image_500.jpg,Laceration
/content/drive/MyDrive/Wound_Dataset_PreprocessedImages/image_501.jpg,Laceration
/content/drive/MyDrive/Wound_Dataset_PreprocessedImages/image_502.jpg,Laceration
/content/drive/MyDrive/Wound_Dataset_PreprocessedImages/image_503.jpg,Laceration
/content/drive/MyDrive/Wound_Dataset_PreprocessedImages/image_504.jpg,Stab_wound
/content/drive/MyDrive/Wound_Dataset_PreprocessedImages/image_505.jpg,Stab_wound
/content/drive/MyDrive/Wound_Dataset_PreprocessedImages/image_506.jpg,Stab_wound
/content/drive/MyDrive/Wound_Dataset_PreprocessedImages/image_507.jpg,Stab_wound
/content/drive/MyDrive/Wound_Dataset_PreprocessedImages/image_508.jpg,Stab_wound
/content/drive/MyDrive/Wound_Dataset_PreprocessedImages/image_509.jpg,Stab_wound
/content/drive/MyDrive/Wound_Dataset_PreprocessedImages/image_510.jpg,Stab_wound
/content/drive/MyDrive/Wound_Dataset_PreprocessedImages/image_511.jpg,Stab_wound
/content/drive/MyDrive/Wound_Dataset_PreprocessedImages/image_512.jpg,Stab_wound
/content/drive/MyDrive/Wound_Dataset_PreprocessedImages/image_513.jpg,Stab_wound
/content/drive/MyDrive/Wound_Dataset_PreprocessedImages/image_514.jpg,Stab_wound
/content/drive/MyDrive/Wound_Dataset_PreprocessedImages/image_515.jpg,Stab_wound
/content/drive/MyDrive/Wound_Dataset_PreprocessedImages/image_516.jpg,Stab_wound
/content/drive/MyDrive/Wound_Dataset_PreprocessedImages/image_517.jpg,Stab_wound
/content/drive/MyDrive/Wound_Dataset_PreprocessedImages/image_518.jpg,Stab_wound
/content/drive/MyDrive/Wound_Dataset_PreprocessedImages/image_519.jpg,Stab_wound
/content/drive/MyDrive/Wound_Dataset_PreprocessedImages/image_520.jpg,Stab_wound
/content/drive/MyDrive/Wound_Dataset_PreprocessedImages/image_521.jpg,Stab_wound
/content/drive/MyDrive/Wound_Dataset_PreprocessedImages/image_522.jpg,Stab_wound
/content/drive/MyDrive/Wound_Dataset_PreprocessedImages/image_523.jpg,Stab_wound
/content/drive/MyDrive/Wound_Dataset_PreprocessedImages/image_524.jpg,Stab_wound
/content/drive/MyDrive/Wound_Dataset_PreprocessedImages/image_525.jpg,Stab_wound
/content/drive/MyDrive/Wound_Dataset_PreprocessedImages/image_526.jpg,Stab_wound
